,City,Cloudiness,Country,Date,Humidity,Lat,Lng,Max Temp,Wind Speed
0,Cape Town,20,ZA,1546639200,82,-33.93,18.42,19.0,7.2
1,Sorland,40,NO,1546636800,100,67.67,12.69,0.0,0.5
2,Kodiak,1,US,1546638900,52,39.95,-94.76,11.7,1.5
3,Lebu,0,ET,1546641026,76,8.96,38.73,1.38,1.51
4,Djenne,8,ML,1546642876,47,13.91,-4.55,16.41,4.06
5,Takoradi,12,GH,1546642876,100,4.89,-1.75,27.48,2.66
6,Luderitz,0,NA,1546641107,68,-26.65,15.16,17.78,10.06
7,Ribeira Grande,40,PT,1546637400,77,38.52,-28.7,16.0,3.1
8,Nicolas Bravo,40,MX,1546638180,13,24.39,-104.74,22.0,1.0
9,Hermanus,44,ZA,1546640982,97,-34.42,19.24,14.82,1.06
10,Marivan,32,IR,1546642877,71,35.52,46.18,-7.25,0.91
11,Bluff,20,AU,1546640998,82,-23.58,149.07,22.97,3.76
12,Dunedin,0,NZ,1546642877,51,-45.87,170.5,25.28,7.46
13,Busselton,0,AU,1546640987,100,-33.64,115.35,14.52,3.91
14,Mount Pleasant,1,US,1546641300,54,33.16,-94.97,12.6,3.1
15,Ushuaia,40,AR,1546639200,76,-54.81,-68.31,8.0,6.2
16,Ventspils,90,LV,1546640400,93,57.39,21.56,4.0,5.1
17,Saint-Philippe,90,CA,1546639200,89,45.36,-73.48,2.0,4.6
18,Laguna,5,MX,1546638360,28,27.52,-110.01,28.0,2.1
19,Gao,12,ML,1546642879,47,16.28,-0.04,15.01,4.86
20,Touros,92,BR,1546641049,89,-5.2,-35.46,26.41,5.61
21,Tuatapere,24,NZ,1546641026,68,-46.13,167.69,20.78,9.86
22,Salalah,0,OM,1546638600,78,17.01,54.1,22.0,2.1
23,Vaini,0,IN,1546641023,76,15.34,74.49,14.18,2.11
24,Barrow,0,AR,1546640994,46,-38.31,-60.23,28.47,4.46
25,Port Lincoln,56,AU,1546641115,81,-34.72,135.86,19.31,7.06
26,Bambous Virieux,40,MU,1546639200,83,-20.34,57.76,27.0,1.5
27,Batagay-Alyta,44,RU,1546642881,0,67.8,130.41,-38.02,1.86
28,Vao,48,EE,1546641143,95,59.1,26.19,-5.87,2.96
29,Katsuura,75,JP,1546639200,75,33.93,134.5,7.0,1.0
30,Dingle,64,PH,1546642881,91,11.0,122.67,24.63,6.91
31,Butaritari,88,KI,1546640986,100,3.07,172.79,27.77,3.56
32,Brigantine,1,US,1546639200,82,39.41,-74.36,11.7,2.1
33,Bethel,90,US,1546639320,100,60.79,-161.76,-6.1,2.6
34,Sainte-Rose,90,CA,1546640340,90,45.61,-73.79,2.0,5.1
35,Mahebourg,40,MU,1546639200,83,-20.41,57.7,27.0,1.5
36,Mataura,20,NZ,1546640984,54,-46.19,168.86,21.97,13.31
37,Ilulissat,76,GL,1546638600,100,69.22,-51.1,-8.0,13.4
38,Petropavlovsk-Kamchatskiy,0,RU,1546639200,62,53.05,158.65,-25.0,3.0
39,Albany,90,US,1546639020,59,42.65,-73.75,4.4,2.1
40,Arlit,0,NE,1546642883,65,18.74,7.39,10.76,3.11
41,Atuona,12,PF,1546641039,100,-9.8,-139.03,27.41,6.46
42,Long Beach,1,US,1546638960,51,30.35,-89.15,16.1,6.7
43,Mar del Plata,36,AR,1546640829,23,-46.43,-67.52,28.67,9.41
44,Saldanha,0,PT,1546641085,73,41.42,-6.55,-7.0,1.16
45,Pevek,36,RU,1546641095,100,69.7,170.27,-28.22,3.86
46,Sao Filipe,20,CV,1546641024,92,14.9,-24.5,23.26,6.41
47,Punta Arenas,75,CL,1546639200,96,-53.16,-70.91,9.0,13.4
48,Maceio,0,BR,1546639200,69,-9.67,-35.74,26.0,5.1
49,Kavieng,56,PG,1546641013,99,-2.57,150.8,29.28,7.36
50,San Patricio,88,PY,1546640945,87,-26.98,-56.83,26.5,1.41
51,Lewiston,1,US,1546638960,84,44.1,-70.21,3.9,1.5
52,Chipinge,76,ZW,1546642885,98,-20.19,32.62,21.06,0.71
53,Rocha,12,UY,1546641150,58,-34.48,-54.34,18.78,3.06
54,Hithadhoo,80,MV,1546641010,100,-0.6,73.08,26.43,3.96
55,Hobart,75,AU,1546639200,50,-42.88,147.33,17.0,6.7
56,Kenai,1,US,1546638960,86,60.55,-151.26,-13.3,3.6
57,Temyasovo,20,RU,1546641000,83,52.99,58.1,-20.0,1.51
58,Hambantota,0,LK,1546636200,88,6.12,81.12,22.0,3.6
59,Penarroya-Pueblonuevo,0,ES,1546641000,93,38.3,-5.27,3.0,1.86
60,Maniitsoq,48,GL,1546641038,100,65.42,-52.9,-9.52,7.26
61,Cockburn Town,0,TC,1546640989,98,21.46,-71.14,26.45,7.46
62,Khromtau,0,KZ,1546642886,62,50.26,58.44,-19.6,5.11
63,Tual,56,ID,1546642887,100,-5.67,132.75,27.93,5.41
64,Rikitea,92,PF,1546640983,100,-23.12,-134.97,24.6,8.76
65,College,1,US,1546639080,73,64.86,-147.8,-31.1,1.21
66,Kurchum,76,KZ,1546641149,83,48.57,83.65,-13.92,1.51
67,Esperance,20,TT,1546639200,69,10.24,-61.45,27.0,3.1
68,Khasan,0,RU,1546642887,100,42.43,130.64,-8.75,6.11
69,Puerto Escondido,20,MX,1546638060,70,15.86,-97.07,30.0,3.1
70,Avarua,40,CK,1546639200,69,-21.21,-159.78,28.0,5.1
71,Portobelo,20,PA,1546639200,52,9.55,-79.65,32.0,4.1
72,Iqaluit,90,CA,1546639200,75,63.75,-68.52,-28.0,4.21
73,Castro,12,CL,1546639200,59,-42.48,-73.76,19.0,6.7
74,Luwuk,24,ID,1546641193,93,-0.95,122.79,27.53,1.06
75,Upernavik,92,GL,1546641018,100,72.79,-56.15,-10.27,4.36
76,Quatre Cocos,40,MU,1546639200,83,-20.21,57.76,27.0,1.5
77,Nioro,76,GM,1546642889,33,13.79,-15.05,21.66,4.36
78,Raudeberg,75,NO,1546640400,93,61.99,5.14,8.0,6.7
79,Alice Springs,0,AU,1546641000,25,-23.7,133.88,31.0,6.7
80,Kieta,76,PG,1546642889,96,-6.22,155.63,28.53,1.66
81,Arraial do Cabo,75,BR,1546635600,58,-22.97,-42.02,30.0,3.1
82,Nanortalik,24,GL,1546641136,93,60.14,-45.24,-2.2,7.56
83,Lokosovo,88,RU,1546642890,93,61.13,74.84,-7.25,3.31
84,Semnan,0,IR,1546639200,86,35.58,53.39,1.0,0.71
85,Cabo San Lucas,75,MX,1546638840,64,22.89,-109.91,26.0,1.5
86,Kropotkin,88,RU,1546642891,91,45.43,40.58,-0.42,10.81
87,Yellowknife,90,CA,1546639200,77,62.45,-114.38,-18.0,1.5
88,Along,0,IN,1546642891,75,28.17,94.8,0.38,0.76
89,Ust-Omchug,12,RU,1546642891,0,61.13,149.63,-48.17,1.06
90,Tuktoyaktuk,90,CA,1546639200,84,69.44,-133.03,-16.0,3.6
91,Airai,76,TL,1546641115,66,-8.93,125.41,25.81,0.86
92,Bredasdorp,88,ZA,1546639200,77,-34.53,20.04,19.0,3.1
93,Severo-Kurilsk,68,RU,1546640982,100,50.68,156.12,-6.26,2.86
94,Kaduqli,12,SD,1546642892,44,11.01,29.72,21.91,4.61
95,Klaksvik,92,FO,1546638600,100,62.23,-6.59,8.0,4.1
96,Praia,0,BR,1546639200,73,-20.25,-43.81,22.0,1.0
97,Geraldton,40,CA,1546639200,79,49.72,-86.95,-2.0,3.6
98,Tiksi,36,RU,1546641040,67,71.64,128.87,-22.92,6.21
99,Sechura,0,PE,1546642893,74,-5.56,-80.82,24.58,3.86
100,Iralaya,68,HN,1546641086,96,15.0,-83.23,25.01,2.31
101,Mount Gambier,92,AU,1546639200,63,-37.83,140.78,17.0,3.1
102,Saint George,90,GR,1546638600,92,39.45,22.34,-1.0,2.1
103,Qaanaaq,56,GL,1546640989,86,77.48,-69.36,-18.38,4.81
104,Chapais,1,CA,1546639200,85,49.78,-74.86,-4.0,2.1
105,Sitka,0,US,1546641169,63,37.17,-99.65,5.73,3.46
106,Sept-Iles,90,CA,1546639200,92,50.2,-66.38,-8.0,1.5
107,Jamestown,88,AU,1546641014,56,-33.21,138.6,18.56,6.91
108,Penzance,0,GB,1546638600,75,50.12,-5.53,6.0,3.6
109,Altagracia de Orituco,8,VE,1546642895,50,9.86,-66.38,27.81,5.36
110,General Pico,0,AR,1546642895,25,-35.66,-63.75,28.81,6.01
111,Puerto Ayora,90,EC,1546639200,65,-0.74,-90.35,28.0,6.7
112,Vardo,20,US,1546640100,76,39.62,-77.74,8.0,3.1
113,Stykkisholmur,92,IS,1546642895,95,65.08,-22.73,6.58,5.21
114,New Norfolk,75,AU,1546639200,46,-42.78,147.06,17.0,6.7
115,Joshimath,80,IN,1546642896,100,30.57,79.57,-11.82,0.61
116,Lensk,64,RU,1546642896,61,60.71,114.91,-19.5,3.76
117,Georgetown,92,GY,1546640744,96,6.8,-58.16,24.42,3.11
118,Iguape,92,BR,1546642897,100,-24.7,-47.56,23.56,1.61
119,Terney,32,RU,1546642897,100,45.05,136.61,-7.47,8.96
120,Berlevag,75,NO,1546638600,79,70.86,29.09,-2.0,3.1
121,Ostersund,76,SE,1546640400,93,63.18,14.64,3.0,4.6
122,Malindi,48,KE,1546642897,93,-3.22,40.12,26.53,4.66
123,Provideniya,0,RU,1546641054,100,64.42,-173.23,-15.87,5.11
124,Semypolky,90,UA,1546641000,86,50.72,30.95,-3.0,3.0
125,Kaitangata,12,NZ,1546640992,51,-46.28,169.85,22.37,6.16
126,San Quintin,0,PH,1546642898,77,17.54,120.52,20.33,1.96
127,Tigil,0,RU,1546642899,50,57.8,158.67,-34.7,1.31
128,Pacific Grove,1,US,1546639200,62,36.62,-121.92,15.0,2.6
129,Faanui,24,PF,1546641086,100,-16.48,-151.75,29.13,4.66
130,Saint-Augustin,0,FR,1546641000,97,44.83,-0.61,0.0,1.0
131,Taoudenni,24,ML,1546642899,42,22.68,-3.98,10.43,4.91
132,Nantucket,1,US,1546642380,72,41.28,-70.1,6.7,6.7
133,Salta,75,AR,1546639200,69,-24.79,-65.41,26.0,3.6
134,Ponta do Sol,92,BR,1546641144,93,-20.63,-46.0,20.68,0.81
135,Bombay,90,US,1546642380,75,44.94,-74.57,3.9,5.1
136,Port Blair,20,IN,1546635600,88,11.67,92.75,23.0,1.0
137,Kapaa,40,US,1546638960,60,22.08,-159.32,26.7,6.7
138,Ostrovnoy,56,RU,1546641083,83,68.05,39.51,-11.6,5.76
139,Codrington,12,AU,1546639200,57,-28.95,153.24,27.0,2.1
140,Sidi Ali,0,DZ,1546642901,82,36.1,0.42,0.66,1.16
141,Camacha,75,PT,1546641000,59,33.08,-16.33,17.0,5.1
142,Okhotsk,0,RU,1546641204,100,59.36,143.24,-29.57,2.76
143,Blagoyevo,44,RU,1546642902,78,63.37,47.92,-14.0,2.11
144,Ancud,0,CL,1546639200,59,-41.87,-73.83,19.0,6.7
145,Mantua,20,IT,1546642200,86,45.16,10.79,-3.0,1.5
146,Hilo,75,US,1546638780,57,19.71,-155.08,25.6,4.1
147,Broome,12,GB,1546642560,93,52.47,1.45,5.0,2.6
148,Nikolskoye,75,RU,1546639200,92,59.7,30.79,-7.0,4.0
149,Banda Aceh,24,ID,1546642903,100,5.56,95.32,22.51,1.01
150,Alofi,90,NU,1546639200,94,-19.06,-169.92,25.0,4.1
151,Leh,80,IN,1546641067,74,34.16,77.58,-23.72,0.86
152,Berezanka,80,UA,1546642904,100,46.86,31.39,-3.27,3.76
153,Kasongo-Lunda,64,CD,1546642904,100,-6.48,16.82,21.01,1.11
154,Najran,5,SA,1546639200,58,17.54,44.22,15.0,0.61
155,Matamba,20,CD,1546642904,95,-5.95,22.27,21.08,1.16
156,Tasiilaq,64,GL,1546638600,80,65.61,-37.64,2.0,9.3
157,Victoria,75,BN,1546639200,78,5.28,115.24,27.0,2.1
158,Hofn,92,IS,1546641085,88,64.25,-15.21,7.16,6.36
159,Guerrero Negro,0,MX,1546641022,45,27.97,-114.04,18.68,1.81
160,Norman Wells,75,CA,1546639200,84,65.28,-126.83,-13.0,5.1
161,Whitehorse,90,CA,1546639200,85,60.72,-135.06,-11.0,4.6
162,Khatanga,32,RU,1546641027,53,71.98,102.47,-27.97,2.91
163,Miri,0,NG,1546642906,59,10.31,9.75,13.91,2.01
164,Talas,75,TR,1546640400,95,38.69,35.55,1.0,0.96
165,Half Moon Bay,75,US,1546638960,63,37.46,-122.43,13.9,1.5
166,Latung,0,ID,1546642907,96,-8.45,120.42,24.31,1.66
167,Hamilton,75,BM,1546638900,94,32.3,-64.78,21.0,1.5
168,Manacapuru,40,BR,1546639200,88,-3.3,-60.62,27.0,1.0
169,Carnarvon,0,ZA,1546641007,39,-30.97,22.13,18.78,4.91
170,Antofagasta,75,CL,1546639200,64,-23.65,-70.4,21.0,4.1
171,Yanam,0,IN,1546642907,85,16.73,82.22,20.48,4.21
172,Fare,12,PF,1546641200,97,-16.7,-151.02,29.23,5.26
173,Ingham,8,AU,1546642908,92,-18.65,146.16,26.91,4.11
174,Sayat,90,TM,1546639200,93,38.78,63.88,2.0,5.1
175,Pangnirtung,5,CA,1546639200,67,66.15,-65.72,-31.0,1.81
176,Jalu,0,LY,1546642908,87,29.03,21.55,5.26,2.01
177,Laon,90,FR,1546641000,90,49.56,3.62,3.0,3.1
178,Raasiku,90,EE,1546642200,92,59.37,25.18,-2.0,4.6
179,Camden,1,US,1546641300,80,39.94,-75.12,6.7,2.1
180,Aberdeen,1,US,1546638780,81,45.47,-98.49,2.2,3.6
181,Kuito,92,AO,1546641133,92,-12.38,16.94,16.18,2.51
182,Koumra,12,TD,1546642910,38,8.92,17.55,21.83,3.96
183,Opatija,0,HR,1546641000,50,45.33,14.3,2.0,2.6
184,Kayes,32,ML,1546642911,46,14.44,-11.44,17.53,2.76
185,Flinders,0,AU,1546640881,74,-34.58,150.85,25.37,2.51
186,Thompson,75,CA,1546639200,78,55.74,-97.86,-9.0,4.6
187,Itarema,76,BR,1546641102,82,-2.92,-39.92,26.58,5.86
188,Beloha,8,MG,1546641207,93,-25.17,45.06,20.68,1.21
189,Pokosnoye,0,RU,1546642911,60,55.53,101.05,-25.37,2.21
190,Changji,92,CN,1546642912,100,32.07,116.17,2.06,1.96
191,Goderich,0,CA,1546642912,75,43.74,-81.71,-0.5,2.21
192,Oyonnax,0,FR,1546642200,79,46.26,5.66,-2.0,1.0
193,Ugoofaaru,12,MV,1546642913,100,5.67,73.0,27.73,7.11
194,Clonakilty,75,IE,1546639200,81,51.62,-8.87,6.0,4.6
195,Vostok,56,RU,1546641002,80,46.45,135.83,-14.95,1.66
196,Portland,90,US,1546638780,74,45.52,-122.67,11.7,4.1
197,Mokrousovo,56,RU,1546642913,75,55.81,66.77,-14.62,7.16
198,Moose Factory,90,CA,1546639200,90,51.26,-80.61,0.0,4.6
199,Saskylakh,24,RU,1546641077,74,71.97,114.09,-27.2,2.66
200,Palmares,92,BR,1546642858,88,-8.68,-35.59,23.41,2.01
201,Nyurba,8,RU,1546642914,60,63.29,118.35,-24.95,2.66
202,Longyearbyen,75,NO,1546638600,79,78.22,15.63,-2.0,5.1
203,Sabha,0,LY,1546642915,84,27.03,14.43,2.88,3.56
204,Santona,0,ES,1546641000,93,43.44,-3.46,2.0,1.5
205,Mezhdurechenskiy,76,RU,1546642915,91,59.59,65.91,-6.35,1.36
206,Kourou,75,GF,1546641000,83,5.16,-52.64,26.0,3.1
207,Beringovskiy,44,RU,1546641032,100,63.05,179.32,-25.27,2.61
208,Moctezuma,0,MX,1546642916,52,29.81,-109.68,12.41,0.91
209,Chuy,0,UY,1546640984,74,-33.69,-53.46,22.47,3.81
210,Chokurdakh,56,RU,1546641075,67,70.62,147.9,-26.07,3.16
211,Hobyo,92,SO,1546641050,85,5.35,48.53,24.33,8.46
212,Manaus,40,BR,1546639200,88,-3.13,-59.98,28.0,1.0
213,Maracacume,32,BR,1546642797,80,-2.04,-45.96,26.48,3.81
214,Deori Khas,32,IN,1546642917,82,23.39,79.03,7.93,1.31
215,Constitucion,40,MX,1546638180,13,23.99,-104.67,22.0,1.0
216,Corn Island,92,NI,1546642917,97,12.17,-83.04,27.73,5.36
217,Eydhafushi,12,MV,1546642918,100,5.1,73.07,27.73,7.11
218,Talnakh,76,RU,1546641036,85,69.49,88.39,-12.07,7.26
219,Dikson,48,RU,1546640955,100,73.51,80.55,-18.73,1.71
220,Dalby,32,AU,1546639200,61,-27.18,151.26,25.0,7.2
221,Medowie,0,AU,1546641000,43,-32.73,151.85,33.0,5.1
222,Camalu,0,MX,1546641118,48,30.85,-116.07,15.26,1.21
223,Bilma,12,NE,1546641140,42,18.69,12.92,8.63,3.01
224,Isangel,20,VU,1546641111,99,-19.55,169.27,26.16,9.66
225,Port Elizabeth,1,US,1546639500,78,39.31,-74.98,6.7,4.46
226,Souillac,0,FR,1546639200,86,45.6,-0.6,2.0,3.1
227,Oktyabrskiy,75,RU,1546641000,92,55.61,37.97,-5.0,1.31
228,Preobrazheniye,0,RU,1546641178,59,42.9,133.91,-13.75,2.71
229,Guamuchil,12,MX,1546642851,44,25.47,-108.1,24.51,1.21
230,Kitimat,75,CA,1546639200,91,54.02,-128.69,0.0,9.3
231,Bonthe,8,SL,1546641059,82,7.53,-12.5,27.01,2.06
232,Barcelos,0,PT,1546641000,81,41.53,-8.62,6.0,0.96
233,Tazmalt,92,DZ,1546642921,100,36.39,4.4,5.76,0.91
234,Rockport,20,US,1546642560,23,28.02,-97.05,22.8,1.71
235,Kirakira,64,SB,1546642921,100,-10.46,161.92,27.78,3.86
236,Husavik,92,CA,1546641159,82,50.56,-96.99,-6.22,1.31
237,Halifax,90,CA,1546639200,95,44.65,-63.58,0.0,3.6
238,Mortka,76,RU,1546642922,91,59.33,66.02,-6.35,1.36
239,Destin,1,US,1546642560,54,30.39,-86.5,16.1,2.6
240,San Jose,68,PH,1546642911,87,15.79,120.99,22.88,1.46
241,Hami,0,CN,1546641164,48,42.84,93.51,-19.77,0.91
242,Tabas,0,IR,1546639200,55,33.6,56.92,4.0,2.1
243,Zahnitkiv,0,UA,1546642924,90,48.04,28.9,-8.47,2.71
244,Libertador General San Martin,56,AR,1546642924,92,-23.81,-64.79,22.48,1.16
245,Tabou,32,CI,1546641213,100,4.42,-7.36,27.08,3.26
246,Dali,0,CN,1546642925,100,25.6,100.24,0.03,0.81
247,Ulaangom,68,MN,1546642925,37,49.98,92.07,-33.82,0.76
248,Taksimo,0,RU,1546642925,64,56.36,114.84,-38.12,0.96
249,Ibra,0,OM,1546642925,98,22.69,58.55,12.93,1.06
250,Richards Bay,20,ZA,1546642926,81,-28.77,32.06,24.16,6.31
251,Lasa,75,CY,1546639200,93,34.92,32.53,10.0,2.6
252,Digby,80,CA,1546642926,91,44.62,-65.76,4.48,6.61
253,Srednekolymsk,56,RU,1546641162,68,67.46,153.71,-26.22,1.31
254,Sur,0,OM,1546642927,100,22.57,59.53,22.81,3.36
255,Novyy Urengoy,44,RU,1546641051,75,66.08,76.63,-17.75,6.81
256,Linxia,0,CN,1546642927,58,35.6,103.21,-18.25,2.86
257,Bhinga,20,IN,1546642927,79,27.7,81.93,6.41,1.16
258,Hovd,75,NO,1546638600,93,63.83,10.7,6.0,9.8
259,Viedma,0,AR,1546641155,50,-40.81,-62.99,22.43,1.31
260,Jinji,92,CN,1546642928,100,22.16,112.49,15.91,1.61
261,Vila Velha,0,BR,1546635600,78,-3.71,-38.6,28.0,5.7
262,Amahai,32,ID,1546642928,100,-3.31,129.0,28.23,3.61
263,Erzin,75,TR,1546642200,100,36.95,36.2,12.0,1.31
264,Ustron,90,PL,1546641120,92,49.72,18.8,-2.0,6.7
265,Narsaq,24,GL,1546641129,61,60.91,-46.05,-17.95,0.81
266,Hualmay,20,PE,1546642929,80,-11.1,-77.61,21.53,2.16
267,Shaunavon,0,CA,1546642929,52,49.65,-108.41,4.83,9.76
268,Price,1,US,1546638780,41,39.6,-110.81,0.6,1.5
269,Port Alfred,48,ZA,1546641021,89,-33.59,26.89,20.08,7.81
270,Timbuktu,24,ML,1546642930,42,16.77,-3.01,13.03,1.76
271,Porto Nacional,20,BR,1546639200,83,-10.7,-48.41,27.0,1.66
272,Charters Towers,0,AU,1546642931,74,-20.07,146.27,27.53,3.31
273,Fort Nelson,75,CA,1546639200,78,58.81,-122.69,-11.0,1.16
274,Celestun,88,MX,1546642931,100,20.87,-90.4,23.53,9.76
275,Aksu,90,KZ,1546641000,82,52.04,76.93,-28.0,1.0
276,Brownwood,1,US,1546642500,79,31.71,-98.99,19.0,2.1
277,Wlodawa,75,PL,1546641000,92,51.55,23.55,-3.0,5.1
278,Port-de-Bouc,0,FR,1546641000,60,43.4,4.98,5.0,6.2
279,Inhambane,36,MZ,1546642852,100,-23.87,35.38,24.53,2.81
280,Clyde River,5,CA,1546639200,75,70.47,-68.59,-29.0,2.1
281,Elizabeth City,90,US,1546642560,96,36.3,-76.22,11.7,5.51
282,Ewing,1,US,1546642500,86,40.27,-74.8,7.8,3.11
283,Namibe,80,AO,1546641034,100,-15.19,12.15,23.88,0.56
284,Marsa Matruh,0,EG,1546639200,87,31.35,27.25,9.0,3.1
285,Kongwa,24,TZ,1546642933,93,-6.19,36.41,16.68,1.76
286,Auki,0,NG,1546642934,51,12.18,6.51,16.81,2.41
287,Severobaykalsk,20,RU,1546642934,41,55.65,109.32,-33.67,0.96
288,Pisco,0,PE,1546639200,30,-13.71,-76.2,22.0,7.7
289,Jatiroto,32,ID,1546642934,100,-7.61,109.46,24.93,1.76
290,Ca Mau,68,VN,1546642935,98,9.18,105.15,25.33,6.11
291,Lufilufi,68,WS,1546642935,98,-13.87,-171.6,29.43,9.06
292,Aljezur,0,PT,1546642935,100,37.31,-8.8,11.73,3.51
293,Ekhabi,24,RU,1546642935,85,53.51,142.97,-14.87,5.81
294,Rio Gallegos,75,AR,1546639200,32,-51.62,-69.22,12.0,13.4
295,Kilifarevo,20,BG,1546641000,100,42.99,25.62,-4.0,1.16
296,Caravelas,0,BR,1546641094,100,-17.73,-39.27,26.93,9.96
297,Naze,0,NG,1546639200,83,5.43,7.07,22.0,2.71
298,Tyukhtet,68,RU,1546642937,69,56.54,89.31,-26.52,1.56
299,Wewak,36,PG,1546642937,68,-3.55,143.63,30.56,2.46
300,Brooks,0,CA,1546642899,35,50.57,-111.89,7.28,7.86
301,Muros,0,ES,1546639200,80,42.77,-9.06,6.0,1.16
302,The Pas,75,CA,1546639200,85,53.82,-101.24,-8.0,2.6
303,Abha,5,SA,1546639200,43,18.22,42.5,14.0,1.06
304,San Roque,20,EC,1546639200,29,0.3,-78.23,24.0,3.6
305,Pochutla,5,MX,1546638060,62,15.74,-96.47,31.0,3.36
306,Miranda,0,CO,1546642939,80,3.25,-76.23,15.93,0.26
307,Salinopolis,92,BR,1546642749,100,-0.61,-47.36,25.38,5.46
308,Cayenne,20,GF,1546639200,78,4.94,-52.33,27.0,3.6
309,Lingao,92,CN,1546642940,100,19.91,109.69,19.81,2.41
310,Yerbogachen,48,RU,1546642940,71,61.28,108.01,-21.2,3.21
311,Gallup,1,US,1546638780,58,35.53,-108.74,7.2,2.1
312,Te Anau,36,NZ,1546642940,51,-45.41,167.72,20.91,9.11
313,Okahandja,44,NA,1546639200,53,-21.98,16.91,23.0,1.5
314,Ferrol,0,ES,1546641000,100,43.48,-8.23,3.0,3.1
315,Vila Franca do Campo,40,PT,1546639200,100,37.72,-25.43,17.0,4.1
316,Egvekinot,0,RU,1546642941,63,66.32,-179.17,-37.35,1.21
317,Guymon,1,US,1546641300,60,36.68,-101.48,10.0,3.6
318,Juneau,20,US,1546638960,95,58.3,-134.42,0.6,1.76
319,Ati,20,TD,1546642942,41,13.21,18.34,20.13,3.61
320,Xai-Xai,48,MZ,1546642942,100,-25.04,33.64,23.93,4.56
321,Nurota,90,UZ,1546641000,93,40.56,65.69,3.0,2.1
322,Tooele,1,US,1546641300,68,40.53,-112.3,-2.2,1.51
323,Jackville,12,CI,1546641000,83,5.21,-4.42,29.0,1.5
324,Coihaique,20,CL,1546639200,48,-45.58,-72.07,19.0,3.1
325,Gamba,0,CN,1546641057,19,28.28,88.52,-31.02,1.01
326,Kununurra,8,AU,1546641000,88,-15.77,128.74,25.0,2.6
327,Buloh Kasap,75,MY,1546639200,88,2.55,102.76,25.0,1.0
328,Aksarka,0,RU,1546642944,55,66.56,67.8,-23.72,2.31
329,Juba,90,EE,1546642200,100,57.82,26.93,-4.0,3.01
330,Marrakesh,0,MA,1546641000,43,31.63,-7.99,10.0,1.0
331,Leningradskiy,24,RU,1546641161,90,69.38,178.42,-26.07,2.96
332,Port-Cartier,90,CA,1546639200,92,50.03,-66.88,-8.0,1.5
333,Dera Ghazi Khan,0,PK,1546642945,93,30.03,70.64,10.43,5.91
334,Tanete,36,ID,1546642946,80,-3.94,119.78,27.48,1.71
335,Mandalgovi,56,MN,1546642946,64,45.76,106.27,-24.02,3.31
336,Padang,40,ID,1546639200,94,-0.92,100.36,24.0,2.1
337,Le Mans,90,FR,1546641000,82,48.01,0.2,0.0,1.26
338,Oussouye,0,SN,1546639200,68,12.49,-16.54,21.0,2.1
339,Leiyang,92,CN,1546642947,100,26.42,112.85,3.08,2.36
340,Dom Pedrito,0,BR,1546642947,66,-30.98,-54.67,18.91,4.71
341,Cambridge,90,GB,1546640400,85,52.2,0.12,5.0,2.1
342,East London,8,ZA,1546640985,91,-33.02,27.91,22.95,6.21
343,Haverfordwest,8,GB,1546638600,86,51.8,-4.97,4.0,0.5
344,Kruisfontein,8,ZA,1546641100,88,-34.0,24.73,19.18,8.66
345,Kaseda,75,JP,1546639200,76,31.42,130.32,10.0,2.6
346,High River,20,CA,1546639200,28,50.58,-113.86,8.0,12.3
347,Hanumangarh,88,IN,1546642949,78,29.58,74.33,10.48,4.41
348,Dumbrava Rosie,0,RO,1546641000,79,46.88,26.43,-5.0,2.6
349,Ararangua,92,BR,1546642949,97,-28.93,-49.49,22.68,3.66
350,Kabare,36,RW,1546642949,100,-1.65,29.38,13.66,1.21
351,Boca do Acre,12,BR,1546642949,89,-8.76,-67.39,25.76,0.91
352,Mapiripan,20,CO,1546642950,59,2.89,-72.13,27.98,2.21
353,Ricardo Palma,0,PE,1546639200,69,-11.92,-76.67,25.0,6.2
354,Launceston,0,AU,1546639200,58,-41.43,147.14,14.0,4.1
355,Brae,92,GB,1546640400,87,60.4,-1.35,9.0,6.2
356,Albert Lea,1,US,1546642380,75,43.65,-93.37,7.0,1.5
357,Arman,0,RU,1546642951,0,59.7,150.17,-41.42,1.16
358,Alice Town,0,BS,1546642831,96,25.72,-79.3,25.51,6.66
359,Ekibastuz,80,KZ,1546642951,62,51.72,75.32,-22.02,2.41
360,Lompoc,1,US,1546640100,27,34.64,-120.46,17.8,2.1
361,Sakaiminato,75,JP,1546639200,81,35.55,133.23,7.0,4.1
362,Nome,1,US,1546642380,55,30.04,-94.42,16.1,5.7
363,Tondon,36,GN,1546642952,82,10.37,-13.36,19.23,1.06
364,Biloela,0,AU,1546642952,54,-24.4,150.51,28.31,4.56
365,Clarence Town,8,AU,1546639200,52,-32.59,151.78,31.0,3.6
366,Talcahuano,0,CL,1546639200,56,-36.72,-73.12,23.0,6.2
367,San Cristobal,20,EC,1546639200,29,-0.39,-78.55,24.0,3.6
368,Belaya Gora,56,RU,1546642953,76,68.54,146.19,-24.22,3.56
369,Hals,75,AT,1546642200,97,48.59,13.46,0.0,9.3
370,Mujiayingzi,0,CN,1546642953,54,42.12,118.78,-21.25,1.76
371,Belyy Yar,32,RU,1546641000,74,53.6,91.39,-31.0,1.21
372,Port Macquarie,0,AU,1546639200,51,-31.43,152.91,29.0,4.1
373,Cidreira,76,BR,1546641032,84,-30.17,-50.22,21.38,4.06
374,Cherskiy,24,RU,1546641076,41,68.75,161.3,-32.67,1.11
375,Stanislav,20,UA,1546642954,100,46.58,32.14,-6.47,2.96
376,Hope,90,CA,1546639200,93,49.38,-121.43,8.0,1.5
377,Solwezi,88,ZM,1546642955,100,-12.18,26.4,17.23,2.41
378,Jimo,56,CN,1546639200,92,36.39,120.46,-5.0,2.0
379,Mariental,92,DE,1546642955,98,52.28,10.99,4.33,7.01
380,Sabang,92,PH,1546642956,88,13.72,123.58,26.08,6.01
381,Mehamn,75,NO,1546638600,79,71.03,27.85,-2.0,3.1
382,Buchanan,40,LR,1546641000,94,5.88,-10.05,25.0,3.16
383,Chahal,48,GT,1546642956,73,15.75,-89.57,25.76,0.96
384,Bahawalpur,0,PK,1546642809,96,29.39,71.66,9.23,5.01
385,Natal,20,BR,1546639200,74,-5.81,-35.21,28.0,5.7
386,Champerico,40,MX,1546638420,54,16.38,-93.6,28.0,9.3
387,Mount Isa,0,AU,1546641000,51,-20.73,139.49,29.0,4.1
388,Sumbe,32,AO,1546642958,100,-11.2,13.84,24.66,2.21
389,Port Keats,0,AU,1546643042,79,-14.25,129.55,32.33,7.01
390,Avera,90,US,1546640100,89,33.19,-82.53,18.3,6.2
391,Lagoa,0,PT,1546639200,81,37.14,-8.45,10.0,3.6
392,Batabano,20,CU,1546638900,58,22.72,-82.29,28.0,2.6
393,Victor Harbor,75,AU,1546641000,55,-35.55,138.62,19.0,5.7
394,Tongren,92,CN,1546642959,99,27.72,109.18,0.41,1.91
395,Golyshmanovo,80,RU,1546642959,83,56.4,68.37,-13.45,6.81
396,Mildura,76,AU,1546639200,59,-34.18,142.16,18.0,5.7
397,Zrece,64,SI,1546642200,63,46.38,15.38,-1.0,3.1
398,Parati,75,BR,1546639200,69,-20.51,-54.63,28.0,3.6
399,Bethanien,0,NA,1546641208,19,-26.5,17.16,22.31,4.81
400,Djambala,76,CG,1546642960,97,-2.55,14.76,21.58,2.56
401,Belmonte,0,PT,1546641158,67,40.36,-7.35,-5.12,1.46
402,Luanda,68,AO,1546642808,94,-8.83,13.24,25.81,1.76
403,Dawlatabad,92,AF,1546642961,99,36.41,64.91,3.93,4.46
404,Araouane,76,ML,1546642961,35,18.9,-3.53,13.03,4.01
405,Surcin,40,RS,1546641000,100,44.8,20.28,-5.0,1.5
406,Bilibino,0,RU,1546641072,0,68.06,166.44,-41.47,1.06
407,Rundu,48,NA,1546641201,96,-17.91,19.77,20.56,2.31
408,Rincon,75,US,1546642560,96,32.3,-81.24,20.0,6.7
409,Coxim,12,BR,1546642962,83,-18.5,-54.75,26.73,0.96
410,Mogadishu,20,SO,1546642962,100,2.04,45.34,26.41,10.16
411,Liuzhou,92,CN,1546642963,100,24.32,109.41,5.18,2.66
412,Kaisiadorys,90,LT,1546640400,99,54.87,24.45,0.0,4.1
413,Umtata,44,ZA,1546639200,100,-31.59,28.78,19.0,2.1
414,Ouango,0,CD,1546642963,73,4.31,22.55,23.01,1.41
415,Migori,0,KE,1546642964,100,-1.07,34.47,16.48,1.41
416,Los Llanos de Aridane,12,ES,1546639200,67,28.66,-17.92,17.0,2.6
417,Eregli,44,TR,1546641051,73,37.51,34.05,-4.07,0.91
418,Fort Saint James,68,CA,1546642964,87,54.43,-124.25,-5.6,1.11
419,Deputatskiy,32,RU,1546641150,35,69.3,139.9,-31.5,1.26
420,Aklavik,90,CA,1546639200,77,68.22,-135.01,-16.0,2.6
421,Tilichiki,24,RU,1546642965,88,60.47,166.1,-29.32,1.51
422,Ajdabiya,92,LY,1546642965,97,30.75,20.22,9.06,0.76
423,San Marcos,40,GT,1546639200,62,14.97,-91.79,31.0,4.1
424,Mokhsogollokh,44,RU,1546642965,62,61.4,128.95,-22.22,3.71
425,Esqueda,0,MX,1546642966,49,30.72,-109.59,10.23,1.16
426,La Ronge,90,CA,1546639200,78,55.1,-105.3,-8.0,3.6
427,Lavrentiya,20,RU,1546641047,100,65.58,-170.99,-15.97,3.11
428,Nirmal,0,IN,1546642966,81,19.09,78.35,11.13,1.26
429,Sao Joao da Barra,92,BR,1546641056,100,-21.64,-41.05,24.06,4.96
430,Westport,0,IE,1546641163,100,53.8,-9.52,4.03,4.96
431,Russell,0,AR,1546642967,48,-33.01,-68.8,22.31,1.66
432,Loreto,24,PY,1546642967,78,-23.27,-57.32,28.58,1.66
433,Verkhozim,92,RU,1546642967,93,52.71,45.42,-4.25,6.91
434,Gravina in Puglia,40,IT,1546642200,55,40.82,16.42,3.0,6.2
435,Lambarene,56,GA,1546642968,98,-0.7,10.22,23.63,1.16
436,Sao Caetano de Odivelas,92,BR,1546642968,100,-0.75,-48.02,25.01,4.86
437,Beaverton,90,US,1546638780,79,45.49,-122.8,11.7,2.1
438,Margate,75,AU,1546639200,70,-43.03,147.26,17.0,6.7
439,Sijunjung,20,ID,1546642969,92,-0.69,100.95,20.68,0.96
440,Tura,0,IN,1546642969,91,25.52,90.21,10.93,2.76
441,Whitehaven,90,US,1546642440,95,35.03,-90.03,6.0,4.6
442,Lata,88,IN,1546641119,94,30.78,78.62,1.78,0.86
443,Esso,0,RU,1546642970,0,55.93,158.7,-40.47,1.06
444,Pyapon,24,MM,1546642970,88,16.29,95.68,21.41,4.81
445,Ajuchitlan,75,MX,1546638480,23,20.72,-100.02,24.0,0.91
446,Saint-Francois,64,FR,1546641000,92,46.42,3.91,-4.0,1.0
447,Staraya Poltavka,92,RU,1546642970,95,50.48,46.48,-3.22,10.06
448,Delta del Tigre,0,UY,1546639200,47,-34.76,-56.41,26.0,3.1
449,Rennes,75,FR,1546641000,100,48.11,-1.68,5.0,0.5
450,Balkhash,56,KZ,1546642971,87,46.84,74.98,-13.25,6.01
451,Qandala,36,SO,1546642971,100,11.47,49.87,16.63,1.26
452,Zhigansk,36,RU,1546641185,74,66.77,123.37,-27.02,2.61
453,Rio Grande,0,BR,1546641023,92,-32.03,-52.1,19.68,4.41
454,Aswan,0,EG,1546642972,100,24.09,32.9,7.56,1.61
455,Naron,0,ES,1546641000,100,43.52,-8.15,2.0,3.1
456,Fortuna,0,ES,1546639200,93,38.18,-1.13,7.0,1.0
457,Say,0,NE,1546639200,18,13.1,2.36,21.0,1.5
458,Rayagada,0,IN,1546642973,84,19.17,83.42,6.88,0.76
459,Dubbo,32,AU,1546641000,31,-32.25,148.6,32.0,9.8
460,Forio,75,IT,1546642200,74,40.73,13.86,3.0,3.6
461,San Policarpo,100,PH,1546640990,93,12.18,125.51,26.12,8.06
462,Fairbanks,1,US,1546639080,73,64.84,-147.72,-31.1,1.21
463,Chernyshevskiy,44,RU,1546642974,79,63.01,112.47,-20.42,3.01
464,Tocopilla,20,CL,1546642974,86,-22.09,-70.2,18.76,1.66
465,Sinnamary,92,GF,1546641045,96,5.38,-52.96,26.01,6.41
466,San Antonio,90,CL,1546639200,82,-33.58,-71.61,17.0,2.6
467,Muromtsevo,64,RU,1546642976,80,56.37,75.24,-11.85,5.11
468,Miles City,1,US,1546642380,59,46.41,-105.84,6.7,3.6
469,Broken Hill,88,AU,1546639200,55,-31.97,141.45,18.0,13.4
470,San Ignacio,0,CL,1546642977,51,-36.8,-72.03,25.81,1.61
471,Burnie,80,AU,1546642977,100,-41.05,145.91,16.78,7.61
472,Bay Saint Louis,1,US,1546638960,54,30.31,-89.33,15.7,5.1
473,Kavaratti,0,IN,1546642978,100,10.57,72.64,27.81,2.56
474,Boysun,88,UZ,1546642978,100,38.2,67.2,-3.17,1.01
475,Ibotirama,92,BR,1546642978,63,-12.18,-43.22,27.93,1.41
476,Jambi,88,ID,1546642978,99,-1.6,103.62,23.18,1.66
477,Buraydah,0,SA,1546635600,66,26.33,43.97,12.0,2.6
478,Serenje,68,ZM,1546642979,93,-13.23,30.22,17.26,1.26
479,Kattivakkam,40,IN,1546641000,88,13.22,80.32,22.0,1.5
480,Makhachkala,12,RU,1546641000,80,42.98,47.5,4.0,7.0
481,Carutapera,68,BR,1546641116,87,-1.2,-46.02,26.51,4.11
482,Elat,0,CM,1546642980,93,2.91,11.16,21.28,1.51
483,Praxedis Guerrero,1,MX,1546639080,29,31.37,-106.02,11.1,1.31
484,Bandarbeyla,92,SO,1546641027,100,9.49,50.81,24.41,9.16
485,Majene,64,ID,1546641062,100,-3.54,118.97,26.51,2.51
486,Sumenep,32,ID,1546642981,100,-7.02,113.87,27.33,2.61
487,Algarrobo,0,CO,1546642981,55,10.19,-74.06,26.73,0.91
488,Faya,5,SA,1546635600,41,18.39,42.45,15.0,2.1
489,Tanout,0,NE,1546642981,66,14.97,8.88,12.83,4.31
490,Samarai,24,PG,1546642982,100,-10.62,150.67,27.81,9.86
491,Atbasar,48,KZ,1546641155,75,51.81,68.36,-17.75,1.41
492,Ust-Kuyga,44,RU,1546641130,72,70.0,135.55,-27.07,2.41
493,Yablochnyy,40,RU,1546641000,85,47.17,142.07,-8.0,5.0
494,Kulhudhuffushi,12,MV,1546642982,100,6.62,73.07,27.63,4.46
495,Gouyave,40,GD,1546639200,83,12.16,-61.73,26.0,5.1
496,Shirokiy,64,RU,1546642983,92,53.87,39.17,-7.47,1.41
497,Ulvik,12,NO,1546642983,90,60.57,6.92,-0.72,2.06
498,Algiers,20,US,1546642500,55,29.94,-90.04,14.4,4.1
499,Boden,48,SE,1546640400,92,65.83,21.69,-4.0,1.5
500,Kudymkar,80,RU,1546642984,86,59.01,54.66,-10.17,3.31
501,Campo Verde,40,PE,1546639200,331,-8.47,-74.81,2.0,3.6
502,Anadyr,20,RU,1546639200,74,64.73,177.51,-32.0,2.0
503,Kyabe,0,TD,1546642985,50,9.45,18.94,20.48,1.66
504,Virginia Beach,40,US,1546641000,100,36.85,-75.98,10.6,2.6
505,Riyadh,0,SA,1546639200,37,24.63,46.72,12.0,1.0
506,Kalmunai,88,LK,1546642985,99,7.42,81.82,21.18,1.96
507,Razdolinsk,20,RU,1546642986,78,58.42,94.62,-27.87,1.16
508,Omboue,92,GA,1546641173,100,-1.57,9.26,27.16,3.16
509,Honningsvag,20,NO,1546641052,100,70.98,25.97,-3.12,1.86
510,Kiunga,92,PG,1546640995,99,-6.12,141.3,22.35,1.06
511,Soyo,92,AO,1546642986,96,-6.13,12.37,25.28,1.36
512,Smolenka,88,PL,1546642986,98,54.15,22.76,0.93,4.91
513,Suntar,44,RU,1546642987,72,62.16,117.65,-21.22,2.36
514,Sheridan,20,US,1546641900,17,39.65,-105.03,16.4,1.5
515,Kidero,0,RU,1546642987,76,42.19,45.96,-5.67,0.21
516,Aden,92,YE,1546642903,100,12.79,45.03,24.41,5.16
517,Okha,24,RU,1546642988,85,53.59,142.95,-14.87,5.81
518,Osmanabad,0,IN,1546642988,80,18.19,76.04,11.51,2.56
519,Ranong,100,TH,1546642988,100,9.96,98.62,25.06,10.26
520,Oytal,88,KZ,1546642988,93,42.91,73.27,-6.25,1.86
521,Saint-Louis,75,CH,1546640400,86,47.59,7.56,3.0,3.1
522,Sandi,56,IN,1546642989,85,27.29,79.95,9.66,2.86
523,Linkoping,80,SE,1546640400,86,58.41,15.62,5.0,3.6
524,Ghanzi,8,BW,1546642989,80,-21.7,21.65,20.48,3.71
525,Port Hardy,90,CA,1546639200,93,50.7,-127.42,8.0,4.6
526,Alyangula,36,AU,1546639200,74,-13.85,136.42,28.0,3.6
527,Kara-Tyube,0,RU,1546642990,80,44.63,45.44,-0.42,2.91
528,Bayji,20,IQ,1546642990,84,34.93,43.49,2.66,1.36
529,Sao Joao Batista,32,BR,1546642990,91,-3.13,-58.38,25.83,1.11
530,Verkhoyansk,44,RU,1546642990,49,67.55,133.39,-34.75,1.16
531,Mawlaik,0,MM,1546642991,94,23.63,94.42,9.63,1.11
532,Sibu,75,MY,1546639200,94,2.29,111.83,25.0,1.66
533,Grand Gaube,40,MU,1546639200,83,-20.01,57.66,27.0,1.5
534,Kobayashi,75,JP,1546639200,76,32.03,131.02,13.0,2.6
535,Boende,92,CD,1546642992,100,-0.28,20.88,21.18,1.16
536,Lakheri,80,IN,1546642992,72,25.67,76.19,11.73,1.31
537,Atyrau,90,KZ,1546641000,92,47.1,51.92,-4.0,11.0
538,Karratha,8,AU,1546641099,71,-20.74,116.85,28.26,3.01
539,Bubaque,32,GW,1546642993,96,11.28,-15.83,26.51,3.36
540,Minas de Barroteran,0,MX,1546642993,64,27.63,-101.28,11.93,1.56
541,Gambela,8,ET,1546642993,61,8.25,34.59,12.16,1.96
542,Duluth,1,US,1546642560,84,46.77,-92.13,3.3,3.91
543,Doha,0,QA,1546641000,68,25.29,51.53,18.0,4.6
544,Kaeo,0,NZ,1546642994,51,-35.1,173.78,26.91,2.26
545,Abu Zabad,12,SD,1546642994,42,12.35,29.25,19.38,5.86
546,Guanhaes,76,BR,1546642994,98,-18.77,-42.93,17.51,1.06
547,Sigli,64,ID,1546642994,96,5.38,95.96,23.48,3.01
548,Razgrad,0,BG,1546642995,73,43.53,26.52,-7.92,1.36
549,Baiyin,64,CN,1546639200,84,36.55,104.13,-15.0,2.0
550,Shitanjing,36,CN,1546642995,60,39.23,106.34,-17.12,0.86
551,Nouadhibou,8,MR,1546642995,76,20.93,-17.03,16.81,5.21
552,San Enrique,64,PH,1546642996,91,11.07,122.66,24.63,6.91
553,Tutoia,20,BR,1546638300,58,-2.76,-42.27,29.0,7.7
554,Bodden Town,20,KY,1546639200,79,19.28,-81.25,29.0,4.6
555,Matara,80,PE,1546641154,71,-13.74,-72.9,11.01,0.31
556,Rayong,40,TH,1546641000,73,12.68,101.28,24.0,2.1
557,Bouna,12,CI,1546642997,42,9.27,-3.0,20.28,1.81
558,Axim,0,GH,1546642997,100,4.87,-2.24,28.26,4.76
559,Tyler,1,US,1546641300,62,32.35,-95.3,13.3,2.76
560,Beian,75,NO,1546638600,100,63.66,9.57,6.0,6.7
561,Coroico,75,BO,1546639200,87,-16.19,-67.73,10.0,3.6
562,Meulaboh,12,ID,1546640988,100,4.14,96.13,25.75,2.06
563,Torbay,90,CA,1546639200,85,47.66,-52.73,-6.0,3.1
564,Cody,1,US,1546641300,74,44.53,-109.06,10.0,1.5
